Time (sec),Air Temp (F),Water Supply Temp (F),Water Return Temp (F),Water Flowrate (gpm)
0.0,75.3,68.7,81.72,4192.69
60.0,75.3,68.6,81.76,4210.22
120.0,75.3,68.6,81.72,4208.71
180.0,75.2,68.7,81.63,4212.22
240.0,75.2,69.0,81.64,4219.73
300.0,75.2,69.2,81.61,4210.88
360.0,75.2,69.1,81.67,4194.53
420.0,75.3,69.0,81.87,4194.03
480.0,75.3,69.0,81.98,4206.88
540.0,75.3,69.1,81.98,4193.69
600.0,75.3,69.4,81.99,4185.35
660.0,75.3,69.6,82.08,4191.86
720.0,75.3,69.7,82.32,4197.87
780.0,75.3,69.6,82.49,4233.41
840.0,75.4,69.4,82.48,4222.56
900.0,75.4,69.0,82.40,4209.21
960.0,75.4,68.9,82.21,4196.36
1020.0,75.3,68.9,81.97,4183.51
1080.0,75.3,68.9,81.86,4205.21
1140.0,75.3,68.9,81.95,4208.55
1200.0,75.3,68.9,82.18,4198.37
1260.0,75.3,69.0,82.26,4195.70
1320.0,75.3,69.1,82.29,4213.05
1380.0,75.3,69.1,82.36,4192.02
1440.0,75.3,69.1,82.39,4217.22
1500.0,75.3,69.1,82.28,4214.72
1560.0,75.3,69.0,82.23,4197.03
1620.0,75.3,69.0,82.16,4220.56
1680.0,75.3,69.0,82.13,4243.26
1740.0,75.3,69.1,82.08,4232.41
1800.0,75.3,69.1,82.13,4216.22
1860.0,75.3,69.1,82.14,4195.70
1920.0,75.3,69.1,81.95,4205.04
1980.0,75.3,69.1,81.89,4179.84
2040.0,75.3,69.0,81.84,4204.54
2100.0,75.3,69.0,81.79,4191.52
2160.0,75.3,69.0,81.74,4194.69
2220.0,75.3,69.0,81.63,4201.04
2280.0,75.2,69.0,81.51,4191.02
2340.0,75.2,68.9,81.47,4208.55
2400.0,75.2,68.9,81.48,4210.55
2460.0,75.2,68.9,81.46,4204.04
2520.0,75.2,69.0,81.48,4178.17
2580.0,75.2,69.1,81.51,4222.40
2640.0,75.2,69.4,81.59,4201.70
2700.0,75.3,69.6,81.72,4199.70
2760.0,75.3,69.6,81.81,4216.89
2820.0,75.3,69.4,81.93,4177.17
2880.0,75.3,69.2,81.97,4235.58
2940.0,75.3,68.9,81.81,4207.88
3000.0,75.3,68.8,81.62,4231.58
3060.0,75.3,68.8,81.45,4234.75
3120.0,75.3,68.8,81.29,4198.53
3180.0,75.3,68.9,81.26,4197.03
3240.0,75.3,69.1,81.25,4200.87
3300.0,75.3,69.4,81.32,4226.90
3360.0,75.3,69.3,81.48,4216.22
3420.0,75.3,69.0,81.64,4223.40
3480.0,75.3,68.9,81.69,4238.75
3540.0,75.3,68.9,81.60,4190.69
3600.0,75.3,68.8,81.47,4195.03
3660.0,75.3,68.8,81.35,4225.74
3720.0,75.2,68.8,81.29,4223.57
3780.0,75.2,68.8,81.31,4183.85
3840.0,75.2,69.0,81.29,4203.87
3900.0,75.2,69.4,81.29,4227.74
3960.0,75.2,69.5,81.40,4193.03
4020.0,75.3,69.5,81.56,4220.73
4080.0,75.3,69.4,81.71,4186.52
4140.0,75.3,69.4,81.81,4219.23
4200.0,75.3,69.2,81.77,4199.37
4260.0,75.3,68.8,81.76,4195.03
4320.0,75.3,68.6,81.62,4211.38
4380.0,75.3,68.7,81.45,4197.53
4440.0,75.3,69.0,81.38,4190.19
4500.0,75.3,69.3,81.41,4200.70
4560.0,75.3,69.5,81.56,4223.07
4620.0,75.3,69.4,81.73,4194.53
4680.0,75.3,69.3,81.95,4203.04
4740.0,75.3,68.9,82.15,4199.87
4800.0,75.3,68.8,82.06,4217.39
4860.0,75.3,68.7,81.97,4198.37
4920.0,75.3,68.8,81.89,4188.85
4980.0,75.3,68.9,81.83,4184.52
5040.0,75.2,69.0,81.78,4231.91
5100.0,75.2,69.3,81.82,4208.05
5160.0,75.2,69.5,81.93,4214.05
5220.0,75.3,69.5,82.05,4223.07
5280.0,75.3,69.4,82.14,4229.07
5340.0,75.3,69.4,82.20,4219.56
5400.0,75.3,69.1,82.11,4184.85
5460.0,75.3,68.8,81.88,4222.90
5520.0,75.3,68.7,81.79,4218.06
5580.0,75.3,68.7,81.63,4197.87
5640.0,75.3,68.8,81.52,4183.51
5700.0,75.2,68.9,81.49,4185.52
5760.0,75.2,68.9,81.42,4221.06
5820.0,75.2,68.9,81.21,4216.56
5880.0,75.2,69.0,81.17,4191.19
5940.0,75.2,69.3,81.18,4196.20
6000.0,75.3,69.5,81.30,4171.50
6060.0,75.3,69.5,81.64,4200.20
6120.0,75.3,69.4,81.90,4192.86
6180.0,75.3,69.0,82.04,4207.88
6240.0,75.3,68.7,82.02,4195.86
6300.0,75.3,68.8,81.97,4212.39
6360.0,75.3,69.0,81.97,4199.53
6420.0,75.3,69.4,82.12,4219.73
6480.0,75.3,69.6,82.41,4189.85
6540.0,75.3,69.6,82.64,4210.38
6600.0,75.3,69.5,82.64,4237.58
6660.0,75.3,69.4,82.57,4216.56
6720.0,75.3,69.3,82.40,4190.69
6780.0,75.3,69.3,82.36,4209.72
6840.0,75.3,69.0,82.32,4206.04
6900.0,75.3,68.8,82.21,4207.21
6960.0,75.3,68.8,81.98,4203.54
7020.0,75.3,68.8,81.84,4214.55
7080.0,75.3,68.8,81.76,4228.41
7140.0,75.2,68.8,81.77,4206.21
7200.0,75.2,68.8,81.85,4220.06
7260.0,75.2,68.8,82.01,4192.53
7320.0,75.2,68.6,81.87,4178.01
7380.0,75.2,68.5,81.86,4194.69
7440.0,75.2,68.5,81.84,4171.16
7500.0,75.1,68.7,81.87,4163.49
7560.0,75.1,69.0,81.89,4200.54
7620.0,75.1,69.1,82.02,4210.72
7680.0,75.2,69.4,82.10,4169.16
7740.0,75.2,69.7,82.15,4197.53
7800.0,75.2,69.8,82.28,4186.02
7860.0,75.3,70.0,82.48,4204.88
7920.0,75.3,69.8,82.63,4210.05
7980.0,75.4,69.5,82.84,4193.03
8040.0,75.4,69.4,82.90,4193.86
8100.0,75.4,69.4,82.83,4178.01
8160.0,75.4,69.1,82.78,4199.03
8220.0,75.4,68.8,82.72,4220.06
8280.0,75.3,68.5,82.64,4190.19
8340.0,75.3,68.3,82.50,4203.87
8400.0,75.2,68.4,82.18,4202.71
8460.0,75.2,68.5,81.93,4176.00
8520.0,75.2,68.5,81.86,4168.66
8580.0,75.2,68.7,81.97,4219.39
8640.0,75.1,68.9,82.10,4185.68
8700.0,75.1,69.1,82.17,4188.35
8760.0,75.2,69.3,82.26,4206.71
8820.0,75.2,69.5,82.32,4186.02
8880.0,75.2,69.7,82.36,4206.04
8940.0,75.3,69.8,82.51,4205.71
9000.0,75.3,69.6,82.65,4196.20
9060.0,75.4,69.5,82.61,4211.88
9120.0,75.4,69.4,82.42,4194.69
9180.0,75.4,69.4,82.32,4198.03
9240.0,75.4,69.3,82.30,4199.20
9300.0,75.4,69.1,82.30,4191.86
9360.0,75.4,68.8,82.26,4196.36
9420.0,75.3,68.6,82.22,4206.21
9480.0,75.3,68.5,82.06,4186.35
9540.0,75.3,68.6,81.94,4196.86
9600.0,75.2,68.7,81.90,4192.69
9660.0,75.2,68.8,82.03,4202.21
9720.0,75.2,68.8,82.13,4174.00
9780.0,75.2,68.8,82.15,4184.68
9840.0,75.2,68.8,81.92,4200.70
9900.0,75.2,68.9,81.82,4200.04
9960.0,75.2,69.1,81.85,4178.01
10020.0,75.2,69.4,81.94,4203.71
10080.0,75.2,69.6,82.01,4208.05
10140.0,75.2,69.6,82.08,4200.37
10200.0,75.3,69.6,82.22,4204.04
10260.0,75.3,69.4,82.26,4180.01
10320.0,75.3,69.3,82.29,4183.51
10380.0,75.3,69.3,82.31,4193.69
10440.0,75.3,69.3,82.21,4201.54
10500.0,75.3,69.3,82.18,4204.88
10560.0,75.3,69.1,82.24,4169.50
10620.0,75.3,68.7,82.21,4177.00
10680.0,75.3,68.5,82.11,4189.52
10740.0,75.3,68.6,81.95,4176.67
10800.0,75.2,68.7,81.96,4177.17
10860.0,75.2,68.8,82.01,4201.87
10920.0,75.2,68.8,82.13,4170.66
10980.0,75.2,68.9,82.15,4171.16
11040.0,75.2,69.2,82.13,4192.69
11100.0,75.2,69.5,82.17,4177.84
11160.0,75.2,69.6,82.26,4188.69
11220.0,75.3,69.6,82.32,4210.55
11280.0,75.3,69.5,82.39,4186.18
11340.0,75.3,69.4,82.28,4199.03
11400.0,75.3,69.4,82.20,4195.03
11460.0,75.3,69.3,82.21,4199.87
11520.0,75.3,69.3,82.19,4190.86
11580.0,75.3,69.0,82.17,4219.39
11640.0,75.3,68.7,82.16,4210.38
11700.0,75.3,68.6,82.12,4201.37
11760.0,75.3,68.6,82.00,4166.66
11820.0,75.2,68.7,81.94,4164.99
11880.0,75.2,68.7,81.91,4194.19
11940.0,75.2,68.8,82.01,4207.38
12000.0,75.2,68.8,82.05,4175.84
12060.0,75.2,68.8,82.03,4203.87
12120.0,75.2,68.8,81.95,4198.03
12180.0,75.2,69.0,81.94,4185.68
12240.0,75.2,69.3,81.97,4213.55
12300.0,75.2,69.5,82.05,4182.35
12360.0,75.2,69.7,82.17,4166.83
12420.0,75.3,69.9,82.33,4180.18
12480.0,75.4,69.7,82.37,4201.70
12540.0,75.4,69.3,82.37,4172.83
12600.0,75.4,69.1,82.27,4197.03
12660.0,75.4,68.9,82.10,4186.35
12720.0,75.3,68.7,81.97,4203.87
12780.0,75.3,68.6,81.95,4193.03
12840.0,75.3,68.7,81.81,4191.36
12900.0,75.2,68.7,81.77,4193.53
12960.0,75.2,68.7,81.82,4202.04
13020.0,75.2,68.8,81.93,4194.36
13080.0,75.2,68.8,82.00,4178.34
13140.0,75.2,68.8,82.12,4187.02
13200.0,75.2,68.8,82.28,4196.03
13260.0,75.2,68.9,82.23,4190.02
13320.0,75.2,69.1,82.17,4196.70
13380.0,75.2,69.4,82.23,4194.19
13440.0,75.2,69.8,82.37,4207.38
13500.0,75.2,70.0,82.45,4178.84
13560.0,75.3,70.0,82.48,4182.51
13620.0,75.4,69.6,82.48,4202.71
13680.0,75.4,69.2,82.48,4192.36
13740.0,75.4,69.0,82.32,4205.88
13800.0,75.4,68.7,82.12,4188.69
13860.0,75.3,68.6,81.99,4211.22
13920.0,75.3,68.3,81.75,4196.36
13980.0,75.2,68.2,81.41,4181.85
14040.0,75.2,68.3,81.29,4177.34
14100.0,75.1,68.6,81.23,4172.00
14160.0,75.1,68.7,81.33,4179.68
14220.0,75.1,68.9,81.45,4182.18
14280.0,75.1,68.9,81.52,4175.50
14340.0,75.1,69.1,81.59,4186.52
14400.0,75.1,69.3,81.58,4189.69
14460.0,75.1,69.6,81.63,4186.35
14520.0,75.2,69.9,81.80,4182.51
14580.0,75.2,70.1,81.99,4194.19
14640.0,75.3,69.7,82.17,4182.85
14700.0,75.4,69.4,82.17,4212.22
14760.0,75.4,69.2,81.98,4198.20
14820.0,75.4,69.1,81.91,4203.87
14880.0,75.3,68.8,81.74,4166.16
14940.0,75.3,68.6,81.58,4187.02
15000.0,75.3,68.6,81.49,4183.01
15060.0,75.3,68.6,81.08,4193.69
15120.0,75.2,68.7,80.83,4195.03
15180.0,75.2,68.6,80.84,4203.37
15240.0,75.2,68.6,80.92,4151.97
15300.0,75.2,68.7,80.92,4209.55
15360.0,75.2,69.1,80.96,4201.37
15420.0,75.2,69.4,81.08,4179.68
15480.0,75.2,69.7,81.25,4190.36
15540.0,75.2,69.9,81.51,4184.68
15600.0,75.3,69.6,81.67,4186.02
15660.0,75.3,69.3,81.78,4174.84
15720.0,75.3,69.1,81.68,4208.21
15780.0,75.3,69.1,81.48,4216.56
15840.0,75.3,69.2,81.35,4192.69
15900.0,75.3,69.3,81.31,4190.02
15960.0,75.3,69.2,81.34,4202.37
16020.0,75.3,69.2,81.38,4173.50
16080.0,75.3,69.1,81.34,4211.05
16140.0,75.3,69.0,81.32,4182.85
16200.0,75.3,68.7,81.36,4189.52
16260.0,75.3,68.5,81.25,4197.87
16320.0,75.2,68.5,81.09,4171.16
16380.0,75.2,68.6,80.95,4193.69
16440.0,75.2,68.8,80.93,4184.01
16500.0,75.2,69.1,80.95,4192.02
16560.0,75.2,69.3,81.09,4184.35
16620.0,75.2,69.6,81.24,4164.99
16680.0,75.2,69.7,81.49,4183.18
16740.0,75.3,69.5,81.70,4192.36
16800.0,75.3,69.2,81.74,4179.01
16860.0,75.3,69.1,81.64,4212.39
16920.0,75.3,69.1,81.49,4181.68
16980.0,75.3,69.0,81.38,4197.70
17040.0,75.3,68.7,81.30,4208.21
17100.0,75.3,68.5,81.24,4179.51
17160.0,75.2,68.4,81.24,4167.33
17220.0,75.2,68.6,81.08,4181.01
17280.0,75.2,69.0,81.04,4199.03
17340.0,75.2,69.2,81.29,4175.50
17400.0,75.2,69.3,81.63,4172.50
17460.0,75.2,69.4,81.80,4196.03
17520.0,75.2,69.4,81.94,4222.06
17580.0,75.2,69.4,82.07,4197.87
17640.0,75.2,69.4,82.14,4186.02
17700.0,75.3,69.5,82.03,4188.02
17760.0,75.3,69.7,81.96,4210.72
17820.0,75.3,69.7,81.97,4215.56
17880.0,75.3,69.3,82.04,4196.36
17940.0,75.3,69.1,81.98,4194.19
18000.0,75.3,69.2,81.86,4177.17
18060.0,75.3,69.1,81.67,4191.69
18120.0,75.3,68.7,81.64,4201.04
18180.0,75.3,68.5,81.55,4190.36
18240.0,75.2,68.5,81.37,4196.03
18300.0,75.2,68.6,81.23,4199.03
18360.0,75.2,68.6,81.16,4182.85
18420.0,75.2,68.7,81.12,4206.54
18480.0,75.1,68.6,81.13,4177.17
18540.0,75.1,68.7,81.11,4212.72
18600.0,75.1,69.0,81.12,4199.03
18660.0,75.1,69.3,81.21,4196.03
18720.0,75.2,69.5,81.41,4196.53
18780.0,75.2,69.8,81.67,4208.55
18840.0,75.2,70.0,81.87,4213.05
18900.0,75.3,69.6,82.01,4179.17
18960.0,75.3,69.2,82.06,4203.71
19020.0,75.3,69.2,81.96,4189.35
19080.0,75.3,69.2,81.89,4191.02
19140.0,75.3,69.3,81.82,4222.73
19200.0,75.3,69.2,81.74,4178.01
19260.0,75.3,68.9,81.72,4197.53
19320.0,75.3,68.6,81.64,4192.69
19380.0,75.3,68.6,81.45,4191.02
19440.0,75.2,68.6,81.25,4188.85
19500.0,75.2,68.6,81.15,4196.70
19560.0,75.2,68.7,81.15,4222.06
19620.0,75.2,69.0,81.14,4195.86
19680.0,75.1,69.2,81.22,4207.04
19740.0,75.2,69.4,81.38,4208.55
19800.0,75.2,69.4,81.50,4162.99
19860.0,75.2,69.4,81.62,4186.85
19920.0,75.2,69.3,81.66,4190.52
19980.0,75.2,69.3,81.69,4199.37
20040.0,75.2,69.3,81.74,4199.70
20100.0,75.3,69.2,81.81,4167.83
20160.0,75.3,69.2,81.79,4199.70
20220.0,75.3,69.2,81.68,4199.87
20280.0,75.3,69.2,81.51,4189.35
20340.0,75.3,69.3,81.39,4223.73
20400.0,75.3,69.2,81.40,4205.04
20460.0,75.3,69.2,81.45,4211.22
20520.0,75.3,69.2,81.53,4202.71
20580.0,75.3,69.2,81.71,4171.00
20640.0,75.3,69.3,81.86,4185.02
20700.0,75.3,69.2,81.93,4209.21
20760.0,75.3,69.2,81.99,4191.86
20820.0,75.3,69.2,81.98,4196.70
20880.0,75.3,68.9,81.91,4222.40
20940.0,75.3,68.7,81.79,4231.58
21000.0,75.2,68.6,81.72,4228.24
21060.0,75.2,68.6,81.54,4249.93
21120.0,75.2,69.0,81.51,4193.19
21180.0,75.2,69.2,81.62,4205.04
21240.0,75.2,69.4,81.76,4220.40
21300.0,75.2,69.4,81.97,4198.37
21360.0,75.2,69.4,82.10,4203.21
21420.0,75.3,69.4,82.09,4220.06
21480.0,75.3,69.3,82.07,4199.37
21540.0,75.3,69.2,81.81,4215.22
21600.0,75.3,69.2,81.65,4207.71
21660.0,75.3,68.9,81.58,4203.87
21720.0,75.3,68.6,81.44,4190.69
21780.0,75.3,68.6,81.23,4202.71
21840.0,75.2,68.6,81.08,4169.00
21900.0,75.2,68.8,81.04,4214.72
21960.0,75.2,69.0,81.08,4177.67
22020.0,75.2,69.2,81.18,4222.06
22080.0,75.2,69.2,81.26,4165.32
22140.0,75.2,68.9,81.39,4201.70
22200.0,75.2,68.7,81.46,4213.22
22260.0,75.2,68.7,81.41,4185.85
22320.0,75.2,69.0,81.26,4220.06
22380.0,75.2,69.3,81.25,4230.41
22440.0,75.2,69.3,81.37,4215.22
22500.0,75.2,69.4,81.50,4200.70
22560.0,75.3,69.5,81.55,4173.50
22620.0,75.3,69.7,81.63,4175.17
22680.0,75.3,69.7,81.69,4187.35
22740.0,75.3,69.4,81.78,4184.85
22800.0,75.3,69.1,81.83,4199.37
22860.0,75.3,69.0,81.78,4189.85
22920.0,75.3,68.9,81.65,4190.02
22980.0,75.3,68.6,81.49,4183.01
23040.0,75.3,68.5,81.33,4213.39
23100.0,75.3,68.5,81.09,4186.02
23160.0,75.2,68.6,80.97,4211.72
23220.0,75.2,68.6,80.92,4200.54
23280.0,75.2,68.7,80.92,4206.88
23340.0,75.2,69.0,80.92,4178.01
23400.0,75.2,69.2,80.94,4200.87
23460.0,75.2,69.3,81.05,4205.88
23520.0,75.2,69.3,81.16,4195.03
23580.0,75.2,69.3,81.28,4207.21
23640.0,75.2,69.5,81.31,4195.53
23700.0,75.3,69.6,81.36,4203.04
23760.0,75.3,69.6,81.45,4216.89
23820.0,75.3,69.3,81.62,4200.54
23880.0,75.3,69.1,81.59,4212.22
23940.0,75.3,69.1,81.41,4188.02
24000.0,75.3,69.1,81.27,4205.88
24060.0,75.3,69.1,81.20,4207.04
24120.0,75.3,69.1,81.14,4220.23
24180.0,75.3,69.1,81.09,4204.71
24240.0,75.3,68.9,81.10,4189.69
24300.0,75.3,68.5,81.07,4207.38
24360.0,75.2,68.4,80.92,4186.85
24420.0,75.2,68.5,80.71,4210.88
24480.0,75.1,68.8,80.61,4214.39
24540.0,75.1,69.0,80.67,4208.05
24600.0,75.2,69.1,80.76,4213.89
24660.0,75.1,69.1,80.89,4161.48
24720.0,75.2,69.1,81.07,4204.21
24780.0,75.2,69.2,81.15,4205.38
24840.0,75.2,69.2,81.10,4225.23
24900.0,75.2,69.4,81.10,4197.03
24960.0,75.2,69.6,81.15,4200.37
25020.0,75.3,69.7,81.25,4219.23
25080.0,75.3,69.5,81.44,4194.86
25140.0,75.3,69.2,81.49,4184.52
25200.0,75.3,69.2,81.38,4215.22
25260.0,75.3,69.2,81.26,4223.73
25320.0,75.3,69.1,81.16,4203.21
25380.0,75.3,69.1,81.15,4211.72
25440.0,75.3,69.0,81.16,4212.05
25500.0,75.3,68.7,81.12,4188.52
25560.0,75.3,68.5,80.96,4217.89
25620.0,75.2,68.5,80.74,4204.71
25680.0,75.2,68.5,80.57,4200.37
25740.0,75.2,68.8,80.55,4205.54
25800.0,75.2,69.0,80.60,4157.31
25860.0,75.2,69.2,80.76,4223.73
25920.0,75.2,69.4,80.94,4188.52
25980.0,75.2,69.6,81.11,4224.23
26040.0,75.2,69.8,81.15,4196.53
26100.0,75.3,69.6,81.28,4194.86
26160.0,75.3,69.2,81.43,4214.05
26220.0,75.3,69.0,81.28,4185.18
26280.0,75.3,69.0,81.05,4195.36
26340.0,75.3,69.0,80.92,4232.58
26400.0,75.3,69.1,80.82,4219.56
26460.0,75.3,69.1,80.80,4190.36
26520.0,75.3,68.9,80.84,4205.21
26580.0,75.2,68.6,80.90,4188.35
26640.0,75.2,68.5,80.85,4200.04
26700.0,75.2,68.6,80.66,4185.68
26760.0,75.2,68.8,80.54,4202.54
26820.0,75.2,69.0,80.55,4187.02
26880.0,75.2,69.3,80.71,4208.38
26940.0,75.2,69.5,80.92,4198.87
27000.0,75.2,69.6,81.37,4209.21
27060.0,75.3,69.5,81.80,4205.54
27120.0,75.3,69.3,81.98,4223.07
27180.0,75.3,69.2,81.93,4206.21
27240.0,75.3,69.1,81.85,4226.57
27300.0,75.3,69.1,81.64,4226.40
27360.0,75.3,69.2,81.54,4214.89
27420.0,75.3,69.2,81.55,4193.86
27480.0,75.3,69.3,81.55,4209.05
27540.0,75.3,69.4,81.56,4214.89
27600.0,75.3,69.3,81.64,4214.05
27660.0,75.3,69.2,81.62,4185.02
27720.0,75.3,69.0,81.63,4203.71
27780.0,75.3,68.6,81.40,4201.20
27840.0,75.3,68.5,81.27,4170.33
27900.0,75.2,68.5,81.13,4191.19
27960.0,75.2,68.6,81.10,4172.67
28020.0,75.2,68.7,81.09,4166.49
28080.0,75.2,69.1,81.10,4199.03
28140.0,75.2,69.3,81.18,4191.36
28200.0,75.2,69.4,81.28,4225.57
28260.0,75.2,69.4,81.45,4167.66
28320.0,75.2,69.4,81.55,4166.99
28380.0,75.2,69.4,81.53,4203.04
28440.0,75.2,69.3,81.54,4199.37
28500.0,75.3,69.2,81.62,4195.53
28560.0,75.3,69.3,81.58,4209.38
28620.0,75.3,69.3,81.56,4216.72
28680.0,75.3,69.3,81.61,4171.67
28740.0,75.3,69.3,81.56,4192.02
28800.0,75.3,69.3,81.56,4209.88
28860.0,75.3,69.1,81.54,4150.80
28920.0,75.3,68.7,81.52,4213.72
28980.0,75.3,68.5,81.34,4192.86
29040.0,75.2,68.5,81.11,4213.05
29100.0,75.2,68.6,80.91,4165.82
29160.0,75.2,68.6,80.84,4210.38
29220.0,75.2,68.7,80.91,4189.02
29280.0,75.2,68.8,81.02,4187.35
29340.0,75.2,69.1,81.07,4195.53
29400.0,75.2,69.3,81.22,4218.56
29460.0,75.2,69.5,81.35,4202.37
29520.0,75.2,69.4,81.53,4175.17
29580.0,75.2,69.4,81.63,4195.53
29640.0,75.2,69.4,81.64,4191.02
29700.0,75.2,69.3,81.62,4200.70
29760.0,75.2,69.3,81.56,4209.21
29820.0,75.3,69.3,81.55,4205.04
29880.0,75.2,69.3,81.43,4197.53
29940.0,75.3,69.3,81.23,4189.52
30000.0,75.3,69.2,81.16,4204.88
30060.0,75.3,69.2,81.15,4173.50
30120.0,75.3,69.2,81.09,4217.06
30180.0,75.3,69.3,81.08,4195.70
30240.0,75.3,69.0,81.11,4183.35
30300.0,75.3,68.6,81.02,4188.69
30360.0,75.2,68.4,80.86,4170.83
30420.0,75.2,68.4,80.59,4168.66
30480.0,75.2,68.5,80.47,4179.68
30540.0,75.1,68.5,80.43,4189.19
30600.0,75.1,68.5,80.41,4200.20
30660.0,75.1,68.7,80.41,4172.83
30720.0,75.1,69.1,80.44,4174.84
30780.0,75.1,69.4,80.56,4177.51
30840.0,75.2,69.7,80.68,4205.71
30900.0,75.2,69.8,80.91,4166.99
30960.0,75.2,69.8,81.11,4218.89
31020.0,75.3,69.6,81.22,4185.52
31080.0,75.3,69.5,81.22,4167.99
31140.0,75.3,69.3,81.11,4187.85
31200.0,75.3,69.1,81.01,4196.86
31260.0,75.3,69.0,80.88,4190.86
31320.0,75.2,69.0,80.74,4192.69
31380.0,75.2,69.0,80.72,4180.34
31440.0,75.2,69.0,80.82,4194.53
31500.0,75.2,68.7,81.10,4195.20
31560.0,75.2,68.5,81.49,4202.37
31620.0,75.2,68.5,81.85,4163.82
31680.0,75.2,68.6,82.34,4179.01
31740.0,75.1,68.8,82.92,4166.16
31800.0,75.1,69.1,83.25,4199.37
31860.0,75.1,69.5,83.53,4188.19
31920.0,75.2,69.9,83.73,4205.71
31980.0,75.2,70.1,83.90,4178.84
32040.0,75.3,70.1,84.30,4204.37
32100.0,75.3,69.9,84.53,4218.23
32160.0,75.4,69.7,84.55,4213.05
32220.0,75.4,69.6,84.50,4210.05
32280.0,75.4,69.3,84.13,4221.23
32340.0,75.4,68.8,83.53,4197.03
32400.0,75.4,68.4,83.14,4201.04
32460.0,75.3,68.1,83.21,4189.69
32520.0,75.3,67.9,83.21,4198.70
32580.0,75.2,68.1,82.91,4200.04
32640.0,75.2,68.5,82.86,4164.82
32700.0,75.1,68.7,82.93,4170.33
32760.0,75.1,68.7,83.07,4177.51
32820.0,75.1,69.0,83.05,4189.02
32880.0,75.1,69.2,83.24,4213.39
32940.0,75.1,69.3,83.36,4193.53
33000.0,75.2,69.4,83.41,4219.23
33060.0,75.2,69.4,83.32,4214.39
33120.0,75.2,69.3,83.01,4185.68
33180.0,75.2,69.3,82.77,4193.36
33240.0,75.3,69.2,82.72,4226.07
33300.0,75.2,69.2,82.84,4201.37
33360.0,75.3,69.2,82.89,4181.68
33420.0,75.3,69.3,82.90,4166.32
33480.0,75.3,69.3,82.90,4185.85
33540.0,75.3,69.1,82.87,4204.88
33600.0,75.3,69.1,82.78,4172.83
33660.0,75.3,69.0,82.56,4147.63
33720.0,75.2,69.0,82.37,4183.85
33780.0,75.2,69.1,82.13,4187.52
33840.0,75.2,69.2,81.87,4205.88
33900.0,75.2,69.4,81.77,4224.90
33960.0,75.3,69.3,81.86,4177.34
34020.0,75.3,68.9,82.14,4193.19
34080.0,75.3,68.8,82.23,4200.70
34140.0,75.2,68.9,82.12,4206.04
34200.0,75.2,68.8,81.99,4215.22
34260.0,75.2,68.8,81.95,4193.86
34320.0,75.2,68.7,81.94,4189.02
34380.0,75.2,68.8,81.88,4186.35
34440.0,75.1,68.8,81.77,4172.67
34500.0,75.2,68.9,81.65,4192.19
34560.0,75.2,68.9,81.54,4203.37
34620.0,75.2,68.9,81.49,4186.02
34680.0,75.1,68.8,81.54,4201.70
34740.0,75.1,68.9,81.73,4192.69
34800.0,75.1,69.0,81.82,4205.04
34860.0,75.1,69.0,81.90,4195.86
34920.0,75.2,69.1,81.95,4204.54
34980.0,75.1,69.1,82.00,4191.69
35040.0,75.2,69.2,82.02,4189.85
35100.0,75.2,69.4,82.03,4201.04
35160.0,75.2,69.7,82.02,4187.02
35220.0,75.2,69.8,82.05,4176.00
35280.0,75.3,69.7,82.04,4208.05
35340.0,75.3,69.6,82.07,4188.69
35400.0,75.4,69.5,82.15,4197.20
35460.0,75.4,69.3,82.29,4195.86
35520.0,75.4,69.0,82.32,4187.35
35580.0,75.4,68.9,82.23,4203.04
35640.0,75.3,68.9,82.09,4180.84
35700.0,75.3,68.9,81.92,4158.81
35760.0,75.3,68.8,81.77,4188.35
35820.0,75.3,68.8,81.56,4189.85
35880.0,75.3,68.8,81.27,4183.85
35940.0,75.3,68.8,80.86,4181.34
36000.0,75.2,68.5,80.45,4176.50
36060.0,75.2,68.2,80.05,4186.52
36120.0,75.2,68.2,79.72,4161.48
36180.0,75.1,68.3,79.46,4197.70
36240.0,75.1,68.6,79.31,4197.87
36300.0,75.1,68.9,79.30,4180.01
36360.0,75.1,69.0,79.36,4189.19
36420.0,75.1,69.2,79.46,4184.85
36480.0,75.1,69.4,79.56,4181.51
36540.0,75.1,69.4,79.68,4185.35
36600.0,75.2,69.4,79.76,4172.67
36660.0,75.2,69.4,79.82,4191.02
36720.0,75.3,69.5,79.81,4181.51
36780.0,75.3,69.6,79.79,4188.35
36840.0,75.3,69.5,79.80,4203.71
36900.0,75.3,69.2,79.81,4195.20
36960.0,75.4,69.1,79.74,4175.34
37020.0,75.4,69.0,79.63,4189.69
37080.0,75.3,68.9,79.54,4187.85
37140.0,75.3,68.9,79.50,4196.20
37200.0,75.3,68.9,79.46,4196.70
37260.0,75.3,68.9,79.43,4183.35
37320.0,75.3,69.0,79.42,4176.50
37380.0,75.3,69.0,79.41,4189.85
37440.0,75.3,68.9,79.39,4196.03
37500.0,75.3,68.9,79.35,4196.03
37560.0,75.3,69.0,79.34,4196.03
37620.0,75.3,69.1,79.32,4194.53
37680.0,75.3,69.4,79.34,4177.67
37740.0,75.3,69.2,79.39,4180.84
37800.0,75.3,69.0,79.46,4190.86
37860.0,75.3,68.9,79.46,4180.68
37920.0,75.3,68.9,79.39,4206.04
37980.0,75.3,68.9,79.31,4191.02
38040.0,75.3,68.9,79.29,4174.50
38100.0,75.3,68.9,79.27,4193.69
38160.0,75.3,68.9,79.26,4195.36
38220.0,75.3,69.0,79.24,4182.68
38280.0,75.3,69.0,79.26,4184.35
38340.0,75.3,69.0,79.23,4180.84
38400.0,75.3,69.1,79.17,4197.20
38460.0,75.3,69.1,79.14,4188.35
38520.0,75.3,69.1,79.15,4191.86
38580.0,75.3,69.3,79.19,4175.17
38640.0,75.3,69.5,79.25,4183.85
38700.0,75.3,69.6,79.36,4196.53
38760.0,75.3,69.5,79.54,4212.39
38820.0,75.4,69.2,79.63,4193.69
38880.0,75.4,69.1,79.54,4190.19
38940.0,75.4,69.0,79.43,4166.66
39000.0,75.4,68.7,79.65,4175.50
39060.0,75.3,68.5,80.05,4192.36
39120.0,75.3,68.5,79.96,4171.16
39180.0,75.3,68.8,79.89,4199.03
39240.0,75.2,69.1,79.91,4199.70
39300.0,75.3,69.4,80.05,4175.50
39360.0,75.3,69.6,80.37,4195.70
39420.0,75.3,69.8,80.62,4194.03
39480.0,75.4,69.9,80.78,4169.16
39540.0,75.4,69.6,80.93,4201.70
39600.0,75.4,69.4,81.47,4194.36
39660.0,75.4,69.3,81.70,4196.36
39720.0,75.4,69.1,81.54,4184.18
39780.0,75.4,69.0,81.48,4185.52
39840.0,75.4,68.9,81.36,4177.00
39900.0,75.4,68.8,81.28,4182.18
39960.0,75.4,68.8,81.21,4205.38
40020.0,75.3,68.8,81.13,4173.83
40080.0,75.3,69.0,81.14,4208.55
40140.0,75.3,69.3,81.17,4191.69
40200.0,75.3,69.5,81.32,4202.04
40260.0,75.4,69.6,81.52,4198.87
40320.0,75.4,69.4,81.77,4186.02
40380.0,75.4,69.1,81.87,4207.38
40440.0,75.4,68.7,81.54,4201.04
40500.0,75.4,68.5,81.38,4165.49
40560.0,75.3,68.5,81.26,4183.68
40620.0,75.3,68.7,81.21,4176.84
40680.0,75.3,68.8,81.14,4189.02
40740.0,75.3,69.0,81.16,4191.52
40800.0,75.3,69.1,81.34,4151.30
40860.0,75.3,69.3,81.46,4171.67
40920.0,75.3,69.7,81.56,4201.70
40980.0,75.3,69.8,81.71,4172.50
41040.0,75.4,69.6,81.89,4187.52
41100.0,75.4,69.1,81.94,4203.54
41160.0,75.4,68.8,81.79,4173.50
41220.0,75.4,68.8,81.58,4196.03
41280.0,75.4,68.8,81.26,4193.19
41340.0,75.4,69.0,81.19,4164.82
41400.0,75.4,69.2,81.12,4186.02
41460.0,75.4,69.5,81.29,4188.52
41520.0,75.4,69.6,81.54,4193.69
41580.0,75.4,69.2,81.81,4210.55
41640.0,75.4,68.7,81.97,4192.19
41700.0,75.4,68.4,81.87,4179.68
41760.0,75.3,68.3,81.58,4170.50
41820.0,75.3,68.4,81.33,4183.85
41880.0,75.3,68.7,81.28,4185.52
41940.0,75.3,68.9,81.36,4173.33
42000.0,75.3,69.0,81.50,4168.16
42060.0,75.3,69.2,81.62,4201.20
42120.0,75.3,69.5,81.82,4192.86
42180.0,75.3,69.7,81.90,4194.53
42240.0,75.3,69.8,82.11,4201.04
42300.0,75.4,69.7,82.26,4201.54
42360.0,75.4,69.4,82.20,4231.24
42420.0,75.4,69.0,82.21,4182.85
42480.0,75.4,68.8,82.24,4214.05
42540.0,75.4,68.8,81.92,4211.05
42600.0,75.4,69.0,81.75,4193.36
42660.0,75.4,69.0,81.76,4212.05
42720.0,75.4,69.0,81.78,4189.69
42780.0,75.4,69.0,81.78,4203.37
42840.0,75.4,68.9,81.82,4206.54
42900.0,75.3,69.0,81.77,4204.37
42960.0,75.3,69.1,81.77,4184.68
43020.0,75.3,69.2,81.78,4183.01
43080.0,75.3,68.9,81.86,4184.85
43140.0,75.3,68.6,81.91,4194.86
43200.0,75.3,68.6,81.81,4200.37
43260.0,75.3,68.6,81.59,4194.69
43320.0,75.3,68.8,81.32,4193.69
43380.0,75.3,69.0,81.38,4203.04
43440.0,75.3,69.0,81.57,4201.70
43500.0,75.3,69.1,81.71,4177.17
43560.0,75.3,69.2,81.82,4192.53
43620.0,75.3,69.2,81.88,4187.19
43680.0,75.3,69.5,81.95,4167.16
43740.0,75.3,69.7,82.02,4196.03
43800.0,75.4,69.8,82.14,4186.52
43860.0,75.4,69.7,82.33,4193.19
43920.0,75.4,69.4,82.37,4197.70
43980.0,75.5,69.2,82.37,4172.17
44040.0,75.5,69.0,82.18,4167.83
44100.0,75.4,69.0,82.04,4217.73
44160.0,75.4,69.0,81.95,4187.69
44220.0,75.4,68.9,81.78,4223.40
44280.0,75.4,68.7,81.37,4192.19
44340.0,75.3,68.5,81.01,4205.88
44400.0,75.3,68.3,81.13,4206.54
44460.0,75.3,68.3,81.32,4177.67
44520.0,75.3,68.5,81.24,4193.86
44580.0,75.2,68.8,81.25,4187.35
44640.0,75.2,69.0,81.32,4187.35
44700.0,75.2,69.1,81.39,4198.37
44760.0,75.2,69.1,81.52,4203.37
44820.0,75.3,69.3,81.55,4201.04
44880.0,75.3,69.6,81.70,4201.04
44940.0,75.3,69.8,81.89,4194.03
45000.0,75.4,69.8,82.10,4192.02
45060.0,75.4,69.8,82.27,4193.03
45120.0,75.5,69.5,82.31,4192.53
45180.0,75.5,69.0,82.30,4182.68
45240.0,75.5,68.8,82.02,4179.51
45300.0,75.5,68.8,81.61,4202.87
45360.0,75.4,68.8,81.54,4178.67
45420.0,75.4,68.9,81.59,4178.17
45480.0,75.4,69.0,81.61,4191.02
45540.0,75.4,69.0,81.54,4190.69
45600.0,75.4,69.0,81.57,4198.53
45660.0,75.4,69.0,81.63,4175.17
45720.0,75.3,69.0,81.62,4201.04
45780.0,75.4,69.0,81.61,4188.19
45840.0,75.3,69.0,81.54,4200.54
45900.0,75.3,69.0,81.50,4187.52
45960.0,75.3,68.9,81.50,4211.72
46020.0,75.3,69.0,81.53,4193.36
46080.0,75.3,69.1,81.48,4182.68
46140.0,75.3,69.4,81.48,4206.71
46200.0,75.3,69.7,81.66,4179.84
46260.0,75.4,69.8,81.79,4193.36
46320.0,75.4,69.5,81.83,4204.37
46380.0,75.5,69.0,82.03,4194.03
46440.0,75.4,68.8,81.89,4195.20
46500.0,75.4,68.8,81.66,4164.66
46560.0,75.4,68.9,81.50,4207.04
46620.0,75.4,68.9,81.48,4203.04
46680.0,75.4,68.9,81.50,4189.02
46740.0,75.4,68.9,81.51,4203.87
46800.0,75.3,69.0,81.53,4188.02
46860.0,75.4,69.0,81.48,4200.20
46920.0,75.4,69.0,81.48,4182.18
46980.0,75.3,69.1,81.46,4193.86
47040.0,75.3,69.4,81.54,4223.90
47100.0,75.4,69.6,81.60,4206.38
47160.0,75.4,69.7,81.78,4196.53
47220.0,75.4,69.5,81.85,4216.06
47280.0,75.5,69.0,81.82,4220.73
47340.0,75.4,68.7,81.86,4166.49
47400.0,75.4,68.7,81.64,4201.70
47460.0,75.4,68.8,81.48,4190.86
47520.0,75.3,68.9,81.41,4211.72
47580.0,75.3,69.0,81.42,4198.03
47640.0,75.3,68.9,81.45,4198.03
47700.0,75.3,68.9,81.48,4194.19
47760.0,75.3,68.9,81.54,4198.03
47820.0,75.3,69.1,81.56,4189.35
47880.0,75.3,69.4,81.62,4202.87
47940.0,75.3,69.7,81.68,4181.51
48000.0,75.4,69.7,81.80,4171.16
48060.0,75.4,69.3,81.97,4184.68
48120.0,75.4,68.9,82.05,4197.70
48180.0,75.4,68.9,81.74,4187.02
48240.0,75.4,68.9,81.54,4188.35
48300.0,75.4,68.9,81.55,4205.21
48360.0,75.4,68.9,81.50,4219.06
48420.0,75.4,68.9,81.52,4183.01
48480.0,75.3,68.9,81.54,4211.72
48540.0,75.3,69.0,81.46,4171.50
48600.0,75.3,69.0,81.40,4226.07
48660.0,75.3,69.0,81.43,4195.03
48720.0,75.3,69.0,81.45,4195.86
48780.0,75.3,69.0,81.45,4214.72
48840.0,75.3,69.0,81.47,4181.18
48900.0,75.3,69.0,81.54,4178.84
48960.0,75.3,69.0,81.68,4194.36
49020.0,75.3,69.0,81.63,4212.55
49080.0,75.3,69.1,81.57,4188.35
49140.0,75.3,69.1,81.51,4198.20
49200.0,75.3,69.1,81.17,4178.17
49260.0,75.3,69.0,80.81,4198.37
49320.0,75.3,68.9,80.11,4180.18
49380.0,75.3,68.9,79.63,4185.18
49440.0,75.3,68.7,79.40,4188.19
49500.0,75.3,68.8,79.40,4191.52
49560.0,75.3,69.0,79.51,4198.53
49620.0,75.3,69.3,79.31,4205.54
49680.0,75.3,69.4,79.34,4197.37
49740.0,75.3,69.3,79.43,4186.85
49800.0,75.4,69.1,79.66,4186.68
49860.0,75.4,68.7,79.66,4194.36
49920.0,75.4,68.5,79.35,4201.04
49980.0,75.3,68.4,79.10,4176.17
50040.0,75.3,68.4,78.92,4206.21
50100.0,75.3,68.8,78.92,4191.86
50160.0,75.3,69.1,79.55,4183.85
50220.0,75.3,69.4,79.97,4216.39
50280.0,75.3,69.9,80.41,4183.18
50340.0,75.4,70.0,81.07,4186.02
50400.0,75.4,69.8,81.67,4209.55
50460.0,75.5,69.6,81.95,4182.35
50520.0,75.5,69.4,81.91,4189.52
50580.0,75.5,69.0,81.84,4206.21
50640.0,75.5,68.8,81.63,4222.73
50700.0,75.4,68.9,81.47,4206.71
50760.0,75.4,69.0,81.39,4188.35
50820.0,75.4,69.4,81.43,4184.85
50880.0,75.4,69.7,81.56,4203.87
50940.0,75.4,69.7,81.76,4196.03
51000.0,75.5,69.2,81.93,4215.89
51060.0,75.5,68.7,81.94,4206.71
51120.0,75.4,68.5,81.64,4186.02
51180.0,75.4,68.5,81.29,4168.66
51240.0,75.4,68.6,80.89,4175.84
51300.0,75.3,68.6,80.95,4178.17
51360.0,75.3,68.6,81.13,4173.50
51420.0,75.3,68.8,81.14,4198.87
51480.0,75.2,69.1,81.23,4190.19
51540.0,75.3,69.2,81.35,4187.02
51600.0,75.3,69.2,81.43,4194.36
51660.0,75.3,69.2,81.57,4185.85
51720.0,75.3,69.2,81.60,4203.71
51780.0,75.3,69.2,81.58,4168.66
51840.0,75.3,69.2,81.64,4186.68
51900.0,75.3,69.5,81.66,4177.84
51960.0,75.4,69.7,81.73,4177.51
52020.0,75.4,69.9,81.80,4192.02
52080.0,75.4,69.7,81.97,4150.30
52140.0,75.5,69.4,81.96,4207.04
52200.0,75.5,69.0,81.80,4193.03
52260.0,75.5,68.9,81.78,4204.21
52320.0,75.4,68.9,81.76,4193.03
52380.0,75.4,68.9,81.76,4199.20
52440.0,75.4,68.7,81.72,4187.69
52500.0,75.4,68.6,81.74,4176.17
52560.0,75.3,68.6,81.75,4164.66
52620.0,75.3,68.7,81.72,4178.84
52680.0,75.3,68.8,81.75,4188.02
52740.0,75.3,68.7,81.69,4205.54
52800.0,75.2,68.8,81.73,4169.33
52860.0,75.2,68.9,81.77,4189.69
52920.0,75.2,69.2,81.91,4187.69
52980.0,75.3,69.3,81.99,4201.54
53040.0,75.3,69.6,82.06,4156.14
53100.0,75.3,69.9,82.28,4204.21
53160.0,75.4,70.1,82.23,4182.18
53220.0,75.5,70.0,82.40,4213.22
53280.0,75.5,69.4,82.68,4200.04
53340.0,75.5,68.9,82.62,4196.03
53400.0,75.5,68.8,82.34,4188.02
53460.0,75.4,68.7,82.15,4210.72
53520.0,75.4,68.7,82.01,4197.20
53580.0,75.3,68.5,81.92,4161.32
53640.0,75.3,68.3,81.84,4192.19
53700.0,75.3,68.3,81.68,4185.02
53760.0,75.2,68.5,81.66,4205.21
53820.0,75.2,68.8,81.68,4176.17
53880.0,75.2,69.0,81.83,4197.53
53940.0,75.2,69.2,81.98,4202.37
54000.0,75.3,69.4,82.08,4195.86
54060.0,75.3,69.6,82.23,4196.53
54120.0,75.3,69.6,82.22,4193.86
54180.0,75.4,69.5,82.34,4220.06
54240.0,75.4,69.5,82.42,4211.05
54300.0,75.4,69.4,82.49,4209.05
54360.0,75.4,69.4,82.56,4199.37
54420.0,75.4,69.3,82.53,4208.71
54480.0,75.4,69.4,82.46,4189.35
54540.0,75.4,69.3,82.49,4205.71
54600.0,75.4,69.0,82.50,4201.20
54660.0,75.4,68.9,82.41,4209.72
54720.0,75.4,68.9,82.30,4183.85
54780.0,75.4,68.8,82.09,4218.39
54840.0,75.4,68.7,81.85,4198.03
54900.0,75.4,68.4,81.72,4180.84
54960.0,75.3,68.3,81.52,4171.16
55020.0,75.3,68.4,81.41,4169.33
55080.0,75.3,68.6,81.14,4212.72
55140.0,75.3,68.9,80.85,4202.54
55200.0,75.3,68.9,80.73,4212.39
55260.0,75.3,68.9,80.96,4208.55
55320.0,75.3,69.0,81.38,4207.38
55380.0,75.3,69.3,81.59,4181.18
55440.0,75.3,69.6,81.66,4218.56
55500.0,75.3,69.6,81.83,4207.38
55560.0,75.4,69.6,81.98,4208.38
55620.0,75.4,69.5,82.02,4196.53
55680.0,75.4,69.4,82.07,4185.68
55740.0,75.4,69.4,81.97,4187.52
55800.0,75.5,69.3,81.93,4204.54
55860.0,75.5,69.3,81.97,4185.02
55920.0,75.5,69.3,81.86,4193.03
55980.0,75.5,69.3,81.85,4190.69
56040.0,75.5,69.2,81.89,4200.37
56100.0,75.5,69.0,81.84,4220.06
56160.0,75.4,68.9,81.62,4198.03
56220.0,75.4,68.8,81.45,4188.85
56280.0,75.4,68.8,81.47,4177.84
56340.0,75.4,68.8,81.45,4205.54
56400.0,75.4,68.8,81.29,4201.20
56460.0,75.4,68.8,81.24,4209.72
56520.0,75.4,68.8,81.35,4178.34
56580.0,75.4,68.7,81.36,4199.03
56640.0,75.3,68.8,81.27,4198.70
56700.0,75.3,68.9,81.29,4210.72
56760.0,75.3,68.9,81.30,4201.04
56820.0,75.3,68.9,81.26,4197.53
56880.0,75.3,69.0,81.31,4212.39
56940.0,75.3,69.3,81.35,4206.71
57000.0,75.3,69.4,81.28,4202.04
57060.0,75.4,69.5,81.40,4189.69
57120.0,75.4,69.5,81.45,4186.85
57180.0,75.4,69.5,81.33,4188.85
57240.0,75.4,69.4,81.46,4198.53
57300.0,75.4,69.3,81.51,4210.88
57360.0,75.4,69.0,81.44,4208.21
57420.0,75.4,68.8,81.29,4185.52
57480.0,75.4,68.8,81.16,4195.03
57540.0,75.4,68.8,81.07,4196.03
57600.0,75.4,68.9,80.98,4173.33
57660.0,75.4,69.0,80.98,4177.00
57720.0,75.4,69.1,80.93,4200.54
57780.0,75.3,69.2,80.94,4199.53
57840.0,75.4,69.3,81.07,4210.72
57900.0,75.4,69.3,81.09,4181.85
57960.0,75.4,69.0,81.11,4195.03
58020.0,75.4,68.9,81.01,4205.21
58080.0,75.3,68.8,80.89,4205.38
58140.0,75.3,68.8,80.60,4180.01
58200.0,75.3,68.9,80.63,4201.20
58260.0,75.3,69.0,80.73,4195.20
58320.0,75.3,69.1,80.80,4192.02
58380.0,75.3,69.2,80.83,4203.54
58440.0,75.4,69.2,80.92,4194.69
58500.0,75.4,69.1,80.97,4197.20
58560.0,75.4,69.0,80.95,4180.18
58620.0,75.4,68.9,80.93,4160.98
58680.0,75.3,68.8,80.80,4205.88
58740.0,75.3,68.9,80.73,4194.86
58800.0,75.3,69.1,80.66,4202.37
58860.0,75.3,69.2,80.62,4166.83
58920.0,75.3,69.3,80.67,4190.02
58980.0,75.3,69.3,80.81,4184.68
59040.0,75.3,69.3,80.82,4176.00
59100.0,75.3,69.3,80.81,4218.73
59160.0,75.3,69.3,80.98,4213.89
59220.0,75.4,69.2,81.08,4184.68
59280.0,75.4,69.3,81.30,4203.71
59340.0,75.4,69.3,81.32,4195.36
59400.0,75.4,69.3,81.32,4213.72
59460.0,75.4,69.3,81.37,4199.53
59520.0,75.4,69.2,81.38,4189.52
59580.0,75.4,69.0,81.30,4173.33
59640.0,75.4,68.8,81.21,4177.34
59700.0,75.4,68.8,81.10,4199.03
59760.0,75.3,68.8,81.03,4152.64
59820.0,75.3,69.0,81.07,4191.52
59880.0,75.3,69.2,81.22,4172.50
59940.0,75.3,69.4,81.39,4176.67
60000.0,75.4,69.5,81.15,4175.00
60060.0,75.4,69.5,80.83,4163.32
60120.0,75.4,69.3,80.90,4202.71
60180.0,75.4,69.1,81.47,4193.53
60240.0,75.4,69.0,81.60,4182.01
60300.0,75.4,69.0,81.57,4197.53
60360.0,75.4,69.0,81.51,4193.03
60420.0,75.4,68.9,81.48,4184.68
60480.0,75.4,68.9,81.42,4210.22
60540.0,75.3,68.9,81.34,4194.69
60600.0,75.3,69.1,81.33,4196.03
60660.0,75.4,69.4,81.33,4195.86
60720.0,75.4,69.5,81.42,4193.53
60780.0,75.4,69.5,81.74,4178.34
60840.0,75.4,69.4,81.96,4214.05
60900.0,75.4,69.2,82.04,4198.53
60960.0,75.5,69.0,81.94,4184.68
61020.0,75.5,68.8,81.50,4214.05
61080.0,75.5,68.8,81.40,4203.71
61140.0,75.5,68.8,81.34,4205.21
61200.0,75.4,68.9,81.33,4190.19
61260.0,75.4,69.0,81.33,4175.34
61320.0,75.4,69.0,81.36,4204.71
61380.0,75.4,69.0,81.44,4180.34
61440.0,75.4,68.9,81.38,4188.35
61500.0,75.4,68.9,81.33,4190.52
61560.0,75.4,68.9,81.02,4207.21
61620.0,75.4,69.2,80.94,4186.18
61680.0,75.4,69.4,81.06,4199.87
61740.0,75.4,69.5,81.11,4197.37
61800.0,75.4,69.6,81.21,4210.72
61860.0,75.5,69.3,81.20,4194.53
61920.0,75.5,69.0,81.29,4198.37
61980.0,75.5,68.8,81.06,4199.03
62040.0,75.4,68.7,80.84,4194.19
62100.0,75.4,68.7,80.82,4189.02
62160.0,75.4,68.7,80.82,4214.72
62220.0,75.4,68.7,80.77,4195.70
62280.0,75.3,68.7,80.72,4204.54
62340.0,75.3,68.8,80.75,4166.16
62400.0,75.3,69.0,80.80,4200.70
62460.0,75.3,69.3,80.87,4214.39
62520.0,75.3,69.4,80.85,4196.03
62580.0,75.4,69.4,80.84,4211.88
62640.0,75.4,69.4,80.97,4197.20
62700.0,75.4,69.4,80.98,4205.88
62760.0,75.4,69.2,80.98,4171.83
62820.0,75.4,69.0,80.89,4200.70
62880.0,75.4,68.9,80.82,4188.19
62940.0,75.4,68.8,80.62,4183.01
63000.0,75.4,68.8,80.41,4191.69
63060.0,75.4,69.0,80.44,4191.69
63120.0,75.3,69.1,80.58,4193.19
63180.0,75.4,69.3,80.67,4177.67
63240.0,75.4,69.3,80.76,4193.53
63300.0,75.4,69.1,80.83,4193.69
63360.0,75.4,68.9,80.81,4207.55
63420.0,75.4,68.9,80.73,4204.88
63480.0,75.4,68.8,80.58,4198.20
63540.0,75.4,68.8,80.51,4165.49
63600.0,75.4,68.9,80.51,4192.69
63660.0,75.3,69.1,80.54,4199.37
63720.0,75.4,69.3,80.58,4178.01
63780.0,75.4,69.4,80.66,4168.33
63840.0,75.4,69.4,80.75,4207.21
63900.0,75.4,69.4,80.82,4222.23
63960.0,75.4,69.3,80.67,4194.19
64020.0,75.4,69.1,80.61,4188.02
64080.0,75.4,68.9,80.73,4202.87
64140.0,75.4,68.8,80.68,4190.19
64200.0,75.3,68.8,80.60,4189.85
64260.0,75.3,69.0,80.57,4172.83
64320.0,75.3,69.2,80.58,4190.52
64380.0,75.4,69.4,80.66,4176.84
64440.0,75.4,69.4,80.77,4194.36
64500.0,75.4,69.3,80.85,4199.87
64560.0,75.4,69.1,80.92,4203.87
64620.0,75.4,68.9,80.87,4183.51
64680.0,75.4,68.8,80.71,4196.36
64740.0,75.4,68.8,80.57,4188.35
64800.0,75.4,68.8,80.46,4183.68
64860.0,75.3,68.9,80.46,4213.22
64920.0,75.3,69.0,80.42,4174.84
64980.0,75.3,69.2,80.24,4186.02
65040.0,75.3,69.3,79.99,4185.68
65100.0,75.4,69.4,79.93,4195.03
65160.0,75.4,69.3,80.28,4182.01
65220.0,75.4,69.2,80.61,4201.70
65280.0,75.4,69.1,80.76,4194.03
65340.0,75.4,69.0,80.68,4180.51
65400.0,75.4,68.8,80.66,4198.20
65460.0,75.4,68.7,80.55,4188.85
65520.0,75.3,68.6,80.44,4187.35
65580.0,75.3,68.7,80.33,4183.85
65640.0,75.3,68.8,80.20,4189.35
65700.0,75.3,69.0,80.23,4192.36
65760.0,75.3,69.2,80.38,4189.85
65820.0,75.3,69.3,80.48,4182.68
65880.0,75.4,69.4,80.75,4183.68
65940.0,75.4,69.4,80.85,4201.87
66000.0,75.4,69.3,80.89,4152.31
66060.0,75.4,69.3,80.84,4180.84
66120.0,75.4,69.3,80.77,4192.36
66180.0,75.4,69.2,80.66,4176.34
66240.0,75.4,69.0,80.79,4156.14
66300.0,75.4,68.9,80.80,4180.51
66360.0,75.4,68.9,80.58,4213.05
66420.0,75.4,69.0,80.49,4171.16
66480.0,75.4,69.1,80.52,4158.81
66540.0,75.4,69.3,80.64,4172.00
66600.0,75.4,69.4,80.77,4179.17
66660.0,75.4,69.4,80.87,4192.02
66720.0,75.4,69.3,80.87,4171.67
66780.0,75.4,69.1,80.90,4167.66
66840.0,75.4,68.9,80.90,4175.67
66900.0,75.4,68.9,80.81,4208.55
66960.0,75.4,68.9,80.66,4183.51
67020.0,75.4,68.8,80.57,4199.70
67080.0,75.3,68.8,80.57,4185.85
67140.0,75.3,68.7,80.56,4175.84
67200.0,75.3,68.8,80.40,4152.31
67260.0,75.3,69.0,80.44,4198.53
67320.0,75.3,69.2,80.52,4210.38
67380.0,75.3,69.5,80.69,4193.53
67440.0,75.4,69.6,80.88,4215.89
67500.0,75.4,69.5,81.00,4176.67
67560.0,75.4,69.2,81.07,4186.35
67620.0,75.4,69.0,81.03,4180.68
67680.0,75.4,68.9,81.00,4211.55
67740.0,75.4,68.9,80.86,4175.50
67800.0,75.4,68.9,80.77,4194.19
67860.0,75.4,68.9,80.77,4166.66
67920.0,75.3,69.0,80.72,4200.87
67980.0,75.4,69.3,80.63,4196.20
68040.0,75.4,69.5,80.65,4186.35
68100.0,75.4,69.3,80.89,4186.68
68160.0,75.4,69.1,81.05,4181.51
68220.0,75.4,69.1,80.98,4188.69
68280.0,75.4,68.9,80.80,4179.01
68340.0,75.4,68.8,80.84,4172.33
68400.0,75.4,68.8,80.77,4186.02
68460.0,75.3,68.8,80.77,4201.37
68520.0,75.3,68.8,80.75,4196.20
68580.0,75.3,69.0,80.76,4183.68
68640.0,75.3,69.2,80.75,4185.02
68700.0,75.3,69.4,80.81,4214.22
68760.0,75.4,69.6,80.92,4201.04
68820.0,75.4,69.5,81.05,4195.03
68880.0,75.4,69.2,81.20,4195.36
68940.0,75.4,68.9,81.20,4170.16
69000.0,75.4,68.8,80.94,4191.36
69060.0,75.4,68.8,80.77,4205.54
69120.0,75.4,68.9,80.70,4191.52
69180.0,75.4,68.9,80.57,4191.86
69240.0,75.3,69.0,80.44,4196.86
69300.0,75.4,69.2,80.54,4184.68
69360.0,75.4,69.4,80.52,4183.18
69420.0,75.4,69.5,80.69,4191.02
69480.0,75.4,69.3,81.01,4195.20
69540.0,75.4,69.2,81.13,4195.36
69600.0,75.4,69.1,81.10,4184.85
69660.0,75.4,68.8,80.99,4203.21
69720.0,75.4,68.5,80.91,4189.02
69780.0,75.4,68.5,80.68,4204.04
69840.0,75.4,68.7,80.62,4183.85
69900.0,75.3,69.0,80.57,4184.85
69960.0,75.3,69.3,80.63,4200.37
70020.0,75.3,69.6,80.83,4197.37
70080.0,75.4,69.7,80.98,4189.35
70140.0,75.4,69.5,81.13,4221.06
70200.0,75.4,69.3,81.29,4179.01
70260.0,75.4,69.0,81.27,4196.53
70320.0,75.4,68.7,81.15,4159.98
70380.0,75.4,68.5,80.92,4177.67
70440.0,75.4,68.5,80.62,4197.70
70500.0,75.3,68.7,80.13,4162.82
70560.0,75.3,68.9,79.84,4186.85
70620.0,75.3,69.1,79.46,4163.65
70680.0,75.3,69.3,79.05,4189.69
70740.0,75.3,69.3,79.00,4187.85
70800.0,75.4,69.1,79.01,4194.69
70860.0,75.4,68.9,79.55,4178.67
70920.0,75.4,68.7,79.86,4188.19
70980.0,75.3,68.5,80.06,4179.17
71040.0,75.3,68.5,80.36,4169.16
71100.0,75.3,68.8,80.35,4182.01
71160.0,75.3,69.0,80.40,4206.88
71220.0,75.3,69.1,80.59,4188.52
71280.0,75.3,69.3,80.76,4205.38
71340.0,75.3,69.5,80.90,4212.55
71400.0,75.4,69.6,80.99,4187.69
71460.0,75.4,69.6,81.11,4162.15
71520.0,75.4,69.6,81.25,4197.20
71580.0,75.4,69.5,81.24,4225.57
71640.0,75.4,69.5,81.21,4204.21
71700.0,75.5,69.5,81.27,4151.30
71760.0,75.5,69.4,81.19,4191.19
71820.0,75.5,69.4,81.02,4169.16
71880.0,75.5,69.2,81.06,4184.52
71940.0,75.5,69.1,81.19,4183.35
72000.0,75.5,69.0,81.16,4218.89
72060.0,75.5,68.6,81.03,4197.37
72120.0,75.4,68.4,80.79,4185.68
72180.0,75.4,68.3,80.62,4193.03
72240.0,75.4,68.3,80.52,4180.01
72300.0,75.3,68.6,80.40,4190.19
72360.0,75.3,69.0,80.37,4178.84
72420.0,75.3,69.1,80.46,4192.19
72480.0,75.3,69.4,80.58,4196.70
72540.0,75.3,69.6,80.79,4198.37
72600.0,75.4,69.5,80.89,4204.71
72660.0,75.4,69.4,80.91,4210.22
72720.0,75.4,69.2,80.82,4202.87
72780.0,75.4,69.1,80.96,4190.86
72840.0,75.4,69.0,80.97,4186.18
72900.0,75.4,68.9,80.90,4194.69
72960.0,75.4,68.8,80.80,4190.86
73020.0,75.4,68.9,80.68,4200.54
73080.0,75.4,68.9,80.63,4183.01
73140.0,75.4,69.0,80.65,4206.88
73200.0,75.4,69.0,80.67,4197.37
73260.0,75.4,69.0,80.66,4200.20
73320.0,75.4,69.0,80.69,4208.05
73380.0,75.3,68.9,80.73,4165.82
73440.0,75.4,68.9,80.66,4187.35
73500.0,75.4,68.9,80.51,4219.23
73560.0,75.3,69.0,80.40,4184.85
73620.0,75.3,69.1,80.53,4188.19
73680.0,75.3,69.2,80.64,4195.36
73740.0,75.4,69.4,80.77,4186.35
73800.0,75.4,69.5,80.83,4192.19
73860.0,75.4,69.3,80.98,4200.04
73920.0,75.4,69.1,81.00,4209.05
73980.0,75.4,69.0,80.89,4170.16
74040.0,75.4,69.0,80.81,4215.72
74100.0,75.4,69.0,80.65,4177.34
74160.0,75.4,69.0,80.62,4210.05
74220.0,75.4,69.0,80.52,4194.53
74280.0,75.4,69.0,80.54,4167.33
74340.0,75.4,69.0,80.65,4189.35
74400.0,75.4,69.0,80.46,4212.05
74460.0,75.4,69.0,80.39,4202.87
74520.0,75.4,68.9,80.47,4180.51
74580.0,75.4,68.9,80.54,4172.33
74640.0,75.4,69.0,80.55,4170.83
74700.0,75.3,69.0,80.53,4189.69
74760.0,75.3,69.1,80.62,4174.50
74820.0,75.3,69.1,80.62,4154.81
74880.0,75.4,69.2,80.66,4177.34
74940.0,75.4,69.2,80.67,4187.85
75000.0,75.4,69.1,80.69,4211.22
75060.0,75.4,69.1,80.71,4205.71
75120.0,75.4,69.1,80.78,4173.17
75180.0,75.4,69.1,80.76,4212.89
75240.0,75.4,69.1,80.70,4180.01
75300.0,75.4,69.1,80.54,4179.84
75360.0,75.4,69.2,80.31,4177.51
75420.0,75.4,69.3,80.05,4186.68
75480.0,75.4,69.4,80.08,4194.19
75540.0,75.4,69.5,80.61,4182.35
75600.0,75.5,69.5,80.82,4183.01
75660.0,75.5,69.4,80.99,4195.70
75720.0,75.5,69.2,81.02,4197.70
75780.0,75.5,68.9,80.94,4207.38
75840.0,75.4,68.6,80.71,4189.35
75900.0,75.4,68.5,80.63,4172.17
75960.0,75.4,68.6,80.52,4200.04
76020.0,75.4,68.8,80.48,4203.71
76080.0,75.3,69.0,80.51,4167.99
76140.0,75.3,69.3,80.56,4215.39
76200.0,75.4,69.6,80.76,4179.68
76260.0,75.4,69.5,80.84,4211.05
76320.0,75.4,69.3,80.82,4209.05
76380.0,75.4,69.1,80.75,4210.72
76440.0,75.4,68.9,80.85,4214.05
76500.0,75.4,68.7,80.79,4198.20
76560.0,75.4,68.6,80.65,4191.86
76620.0,75.4,68.7,80.58,4173.50
76680.0,75.4,68.8,80.55,4179.17
76740.0,75.3,69.0,80.56,4161.32
76800.0,75.3,69.1,80.64,4185.85
76860.0,75.4,69.2,80.67,4185.02
76920.0,75.4,69.4,80.75,4192.02
76980.0,75.4,69.5,80.83,4188.85
77040.0,75.4,69.4,80.88,4182.01
77100.0,75.4,69.2,80.96,4171.00
77160.0,75.4,69.1,80.70,4188.85
77220.0,75.4,69.0,80.28,4180.68
77280.0,75.4,68.6,80.32,4203.04
77340.0,75.4,68.5,80.46,4162.15
77400.0,75.4,68.7,80.36,4180.68
77460.0,75.3,69.0,80.36,4168.33
77520.0,75.3,69.1,80.39,4169.16
77580.0,75.3,69.2,80.48,4191.86
77640.0,75.4,69.2,80.62,4194.69
77700.0,75.4,69.2,80.76,4167.99
77760.0,75.4,69.3,80.80,4182.51
77820.0,75.4,69.3,80.76,4175.34
77880.0,75.4,69.2,80.75,4179.17
77940.0,75.4,69.1,80.77,4199.03
78000.0,75.4,69.1,80.82,4192.53
78060.0,75.4,69.1,80.69,4196.86
78120.0,75.4,69.1,80.46,4182.85
78180.0,75.4,69.1,80.53,4173.50
78240.0,75.4,69.1,80.72,4200.87
78300.0,75.4,69.1,80.71,4181.68
78360.0,75.4,69.0,80.66,4166.16
78420.0,75.4,68.8,80.58,4172.00
78480.0,75.4,68.7,80.49,4210.38
78540.0,75.3,68.7,80.33,4189.02
78600.0,75.3,68.9,80.29,4194.36
78660.0,75.3,69.1,80.35,4201.20
78720.0,75.3,69.3,80.42,4196.20
78780.0,75.3,69.5,80.54,4183.85
78840.0,75.4,69.6,80.73,4180.51
78900.0,75.4,69.5,80.94,4181.01
78960.0,75.4,69.4,81.01,4190.19
79020.0,75.4,69.3,80.85,4199.03
79080.0,75.4,69.2,80.89,4187.69
79140.0,75.4,69.1,80.83,4172.17
79200.0,75.4,69.1,80.84,4197.03
79260.0,75.4,69.2,80.77,4204.71
79320.0,75.4,69.2,80.78,4192.02
79380.0,75.4,69.2,80.74,4197.87
79440.0,75.4,69.2,80.71,4196.86
79500.0,75.4,69.2,80.70,4182.51
79560.0,75.4,69.1,80.70,4168.49
79620.0,75.4,69.1,80.79,4177.17
79680.0,75.4,69.0,80.76,4196.70
79740.0,75.4,69.0,80.79,4201.20
79800.0,75.4,69.0,80.72,4166.49
79860.0,75.4,69.1,80.48,4197.87
79920.0,75.4,69.0,80.10,4187.02
79980.0,75.4,69.0,80.12,4200.54
80040.0,75.4,69.0,80.49,4180.51
80100.0,75.4,69.1,80.57,4203.54
80160.0,75.4,69.1,80.66,4186.18
80220.0,75.3,68.9,80.74,4194.53
80280.0,75.4,68.6,80.78,4184.52
80340.0,75.3,68.5,80.66,4171.00
80400.0,75.3,68.6,80.36,4173.00
80460.0,75.3,68.9,80.29,4188.02
80520.0,75.3,69.0,80.38,4169.33
80580.0,75.3,69.3,80.55,4184.18
80640.0,75.3,69.6,80.76,4180.01
80700.0,75.3,69.8,80.96,4200.37
80760.0,75.4,69.6,81.18,4207.21
80820.0,75.5,69.3,81.05,4190.02
80880.0,75.5,69.2,81.08,4184.85
80940.0,75.5,69.1,81.02,4182.51
81000.0,75.5,69.1,80.86,4186.68
81060.0,75.4,69.2,80.86,4184.52
81120.0,75.4,69.2,80.81,4182.01
81180.0,75.4,69.3,80.87,4176.84
81240.0,75.4,69.2,80.92,4162.99
81300.0,75.4,69.1,80.82,4184.68
81360.0,75.4,68.8,80.68,4191.86
81420.0,75.4,68.6,80.56,4196.70
81480.0,75.4,68.5,80.41,4184.52
81540.0,75.3,68.6,80.28,4204.88
81600.0,75.3,68.9,80.30,4180.51
81660.0,75.3,69.0,80.27,4201.20
81720.0,75.3,69.1,80.29,4163.15
81780.0,75.3,69.1,80.48,4200.54
81840.0,75.3,69.1,80.63,4203.54
81900.0,75.3,69.2,80.63,4184.35
81960.0,75.4,69.0,80.73,4177.34
82020.0,75.4,68.7,80.68,4193.69
82080.0,75.3,68.8,80.64,4173.00
82140.0,75.3,69.0,80.59,4191.36
82200.0,75.3,69.1,80.56,4177.51
82260.0,75.3,69.3,80.57,4194.19
82320.0,75.3,69.4,80.69,4189.52
82380.0,75.3,69.4,80.76,4208.88
82440.0,75.4,69.6,80.87,4195.70
82500.0,75.4,69.7,81.01,4166.66
82560.0,75.5,69.5,80.91,4176.67
82620.0,75.5,69.2,80.93,4195.53
82680.0,75.5,69.1,80.96,4167.16
82740.0,75.5,68.9,80.85,4195.86
82800.0,75.5,68.7,80.69,4184.18
82860.0,75.4,68.6,80.57,4165.82
82920.0,75.4,68.7,80.49,4185.18
82980.0,75.4,68.9,80.45,4191.36
83040.0,75.4,69.1,80.45,4195.03
83100.0,75.4,69.2,80.55,4205.88
83160.0,75.4,69.1,80.61,4206.21
83220.0,75.4,69.1,80.70,4191.02
83280.0,75.4,69.1,80.74,4175.84
83340.0,75.4,68.9,80.75,4200.04
83400.0,75.4,68.8,80.52,4195.03
83460.0,75.3,68.9,80.45,4187.35
83520.0,75.3,69.1,80.47,4184.18
83580.0,75.3,69.2,80.52,4196.20
83640.0,75.3,69.4,80.73,4200.70
83700.0,75.4,69.4,80.87,4230.91
83760.0,75.4,69.4,80.90,4205.71
83820.0,75.4,69.3,80.95,4192.36
83880.0,75.4,69.2,80.93,4197.20
83940.0,75.4,69.0,80.78,4206.88
84000.0,75.4,68.8,80.65,4192.19
84060.0,75.4,68.7,80.57,4183.18
84120.0,75.4,68.9,80.33,4172.33
84180.0,75.4,69.1,80.28,4185.35
84240.0,75.4,69.2,80.40,4209.72
84300.0,75.4,69.2,80.46,4180.34
84360.0,75.4,69.3,80.13,4188.02
84420.0,75.4,69.2,80.07,4199.20
84480.0,75.4,69.0,80.52,4193.53
84540.0,75.4,68.8,80.71,4202.87
84600.0,75.4,68.7,80.66,4197.87
84660.0,75.4,68.6,80.54,4192.36
84720.0,75.3,68.8,80.43,4177.34
84780.0,75.3,69.1,80.44,4188.35
84840.0,75.3,69.3,80.58,4201.37
84900.0,75.3,69.3,80.69,4205.21
84960.0,75.4,69.4,80.80,4203.71
85020.0,75.4,69.4,80.93,4192.19
85080.0,75.4,69.4,80.95,4214.89
85140.0,75.4,69.4,80.97,4185.68
85200.0,75.4,69.3,81.01,4195.53
85260.0,75.5,69.3,80.90,4191.52
85320.0,75.5,69.3,80.78,4186.18
85380.0,75.5,69.1,80.78,4193.03
85440.0,75.5,68.9,80.86,4197.70
85500.0,75.4,68.7,80.79,4191.69
85560.0,75.4,68.7,80.66,4179.34
85620.0,75.4,68.7,80.61,4193.03
85680.0,75.3,68.9,80.49,4197.03
85740.0,75.3,69.2,80.48,4178.17
85800.0,75.3,69.3,80.60,4163.65
85860.0,75.3,69.3,80.79,4156.48
85920.0,75.3,69.4,80.79,4204.54
85980.0,75.4,69.3,80.90,4186.52
86040.0,75.4,69.2,80.93,4181.51
86100.0,75.4,69.0,80.92,4210.22
86160.0,75.4,68.7,80.84,4170.16
86220.0,75.3,68.6,80.57,4186.52
86280.0,75.3,68.6,80.44,4189.35
86340.0,75.3,68.7,80.40,4191.69
,,,,
,,,,
,,,,
,,,,
,,,,
,,,,
,,,,
,,,,
,,,,
,,,,
,,,,
,,,,
,,,,
,,,,
,,,,
,,,,
,,,,
,,,,
,,,,
,,,,
,,,,
,,,,
,,,,
,,,,
,,,,
,,,,
,,,,
,,,,
,,,,
,,,,
,,,,
,,,,
,,,,
,,,,
,,,,
,,,,
,,,,
,,,,
,,,,
,,,,
,,,,
,,,,
,,,,
,,,,
,,,,
,,,,
,,,,
,,,,
,,,,
,,,,
,,,,
,,,,
,,,,
,,,,
,,,,
,,,,
,,,,
,,,,
,,,,
,,,,
,,,,
,,,,
,,,,
,,,,
,,,,
,,,,
,,,,
,,,,
,,,,
,,,,
,,,,
,,,,
,,,,
,,,,
,,,,
,,,,
,,,,
,,,,
,,,,
,,,,
,,,,
,,,,
,,,,
,,,,
,,,,
,,,,
,,,,
,,,,
,,,,
,,,,
,,,,
,,,,
,,,,
,,,,
,,,,
,,,,
,,,,
,,,,
,,,,
,,,,
,,,,
,,,,
,,,,
,,,,
,,,,
,,,,
,,,,
,,,,
,,,,
,,,,
,,,,
,,,,
,,,,
,,,,
,,,,
,,,,
,,,,
,,,,
,,,,
,,,,
,,,,
,,,,
,,,,
,,,,
,,,,
,,,,
,,,,
,,,,
,,,,
,,,,
,,,,
,,,,
,,,,
,,,,
,,,,
,,,,
,,,,
,,,,
,,,,
,,,,
,,,,
,,,,
,,,,
,,,,
,,,,
,,,,
,,,,
,,,,
,,,,
,,,,
,,,,
,,,,
,,,,
,,,,
,,,,
,,,,
,,,,
,,,,
,,,,
,,,,
,,,,
,,,,
,,,,
,,,,
,,,,
,,,,
,,,,
,,,,
,,,,
,,,,
,,,,
,,,,
,,,,
,,,,
,,,,
,,,,
,,,,
,,,,
,,,,
,,,,
,,,,
,,,,
,,,,
,,,,
,,,,
,,,,
,,,,
,,,,
,,,,
,,,,
,,,,
,,,,
,,,,
,,,,
,,,,
,,,,
,,,,
,,,,
,,,,
,,,,
,,,,
,,,,
,,,,
,,,,
,,,,
,,,,
,,,,
,,,,
,,,,
,,,,
,,,,
,,,,
,,,,
,,,,
,,,,
,,,,
,,,,
,,,,
,,,,
,,,,
,,,,
,,,,
,,,,
,,,,
,,,,
,,,,
,,,,
,,,,
,,,,
,,,,
,,,,
,,,,
,,,,
,,,,
,,,,
,,,,
,,,,
,,,,
,,,,
,,,,
,,,,
,,,,
,,,,
,,,,
,,,,
,,,,
,,,,
,,,,
,,,,
,,,,
,,,,
,,,,
,,,,
,,,,
,,,,
,,,,
,,,,
,,,,
,,,,
,,,,
,,,,
,,,,
,,,,
,,,,
,,,,
,,,,
,,,,
,,,,
,,,,
,,,,
,,,,
,,,,
,,,,
,,,,
,,,,
,,,,
,,,,
,,,,
,,,,
,,,,
,,,,
,,,,
,,,,
,,,,
,,,,
,,,,
,,,,
,,,,
,,,,
,,,,
,,,,
,,,,
,,,,
,,,,
,,,,
,,,,
,,,,
,,,,
,,,,
,,,,
,,,,
,,,,
,,,,
,,,,
,,,,
,,,,
,,,,
,,,,
,,,,
,,,,
,,,,
,,,,
,,,,
,,,,
,,,,
,,,,
,,,,
,,,,
,,,,
,,,,
,,,,
,,,,
,,,,
,,,,
,,,,
,,,,
,,,,
,,,,
,,,,
,,,,
,,,,
,,,,
,,,,
,,,,
,,,,
,,,,
,,,,
,,,,
,,,,
,,,,
,,,,
,,,,
,,,,
,,,,
,,,,
,,,,
,,,,
,,,,
,,,,
,,,,
,,,,
,,,,
,,,,
,,,,
,,,,
,,,,
,,,,
,,,,
,,,,
,,,,
,,,,
,,,,
,,,,
,,,,
,,,,
,,,,
,,,,
,,,,
,,,,
,,,,
,,,,
,,,,
,,,,
,,,,
,,,,
,,,,
,,,,
,,,,
,,,,
,,,,
,,,,
,,,,
,,,,
,,,,
,,,,
,,,,
,,,,
,,,,
,,,,
,,,,
,,,,
,,,,
,,,,
,,,,
,,,,
,,,,
,,,,
,,,,
,,,,
,,,,
,,,,
,,,,
,,,,
,,,,
,,,,
,,,,
,,,,
,,,,
,,,,
,,,,
,,,,
,,,,
,,,,
,,,,
,,,,
,,,,
,,,,
,,,,
,,,,
,,,,
,,,,
,,,,
,,,,
,,,,
,,,,
,,,,
,,,,
,,,,
,,,,
,,,,
,,,,
,,,,
,,,,
,,,,
,,,,
,,,,
,,,,
,,,,
,,,,
,,,,
,,,,
,,,,
,,,,
,,,,
,,,,
,,,,
,,,,
,,,,
,,,,
,,,,
,,,,
,,,,
,,,,
,,,,
,,,,
,,,,
,,,,
,,,,
,,,,
,,,,
,,,,
,,,,
,,,,
,,,,
,,,,
,,,,
,,,,
,,,,
,,,,
,,,,
,,,,
,,,,
,,,,
,,,,
,,,,
,,,,
,,,,
,,,,
,,,,
,,,,
,,,,
,,,,
,,,,
,,,,
,,,,
,,,,
,,,,
,,,,
,,,,
,,,,
,,,,
,,,,
,,,,
,,,,
,,,,
,,,,
,,,,
,,,,
,,,,
,,,,
,,,,
,,,,
,,,,
,,,,
,,,,
,,,,
,,,,
,,,,
,,,,
,,,,
,,,,
,,,,
,,,,
,,,,
,,,,
,,,,
,,,,
,,,,
,,,,
,,,,
,,,,
,,,,
,,,,
,,,,
,,,,
,,,,
,,,,
,,,,
,,,,
,,,,
,,,,
,,,,
,,,,
,,,,
,,,,
,,,,
,,,,
,,,,
,,,,
,,,,
,,,,
,,,,
,,,,
,,,,
,,,,
,,,,
,,,,
,,,,
,,,,
,,,,
,,,,
,,,,
,,,,
,,,,
,,,,
,,,,
,,,,
,,,,
,,,,
,,,,
,,,,
,,,,
,,,,
,,,,
,,,,
,,,,
,,,,
,,,,
,,,,
,,,,
,,,,
,,,,
,,,,
,,,,
,,,,
,,,,
,,,,
,,,,
,,,,
,,,,
,,,,
,,,,
,,,,
,,,,
,,,,
,,,,
,,,,
,,,,
,,,,
,,,,
,,,,
,,,,
,,,,
,,,,
,,,,
,,,,
,,,,
,,,,
,,,,
,,,,
,,,,
,,,,
,,,,
,,,,
,,,,
,,,,
,,,,
,,,,
,,,,
,,,,
,,,,
,,,,
,,,,
,,,,
,,,,
,,,,
,,,,
,,,,
,,,,
,,,,
,,,,
,,,,
,,,,
,,,,
,,,,
,,,,
,,,,
,,,,
,,,,
,,,,
,,,,
,,,,
,,,,
,,,,
,,,,
,,,,
,,,,
,,,,
,,,,
,,,,
,,,,
,,,,
,,,,
,,,,
,,,,
,,,,
,,,,
,,,,
,,,,
,,,,
,,,,
,,,,
,,,,
,,,,
,,,,
,,,,
,,,,
,,,,
,,,,
,,,,
,,,,
,,,,
,,,,
,,,,
,,,,
,,,,
,,,,
,,,,
,,,,
,,,,
,,,,
,,,,
,,,,
,,,,
,,,,
,,,,
,,,,
,,,,
,,,,
,,,,
,,,,
,,,,
,,,,
,,,,
,,,,
,,,,
,,,,
,,,,
,,,,
,,,,
,,,,
,,,,
,,,,
,,,,
,,,,
,,,,
,,,,
,,,,
,,,,
,,,,
,,,,
,,,,
,,,,
,,,,
,,,,
,,,,
,,,,
,,,,
,,,,
,,,,
,,,,
,,,,
,,,,
,,,,
,,,,
,,,,
,,,,
,,,,
,,,,
,,,,
,,,,
,,,,
,,,,
,,,,
,,,,
,,,,
,,,,
,,,,
,,,,
,,,,
,,,,
,,,,
,,,,
,,,,
,,,,
,,,,
,,,,
,,,,
,,,,
,,,,
,,,,
,,,,
,,,,
,,,,
,,,,
,,,,
,,,,
,,,,
,,,,
,,,,
,,,,
,,,,
,,,,
,,,,
,,,,
,,,,
,,,,
,,,,
,,,,
,,,,
,,,,
,,,,
,,,,
,,,,
,,,,
,,,,
,,,,
,,,,
,,,,
,,,,
,,,,
,,,,
,,,,
,,,,
,,,,
,,,,
,,,,
,,,,
,,,,
,,,,
,,,,
,,,,
,,,,
,,,,
,,,,
,,,,
,,,,
,,,,
,,,,
,,,,
,,,,
,,,,
,,,,
,,,,
,,,,
,,,,
,,,,
,,,,
,,,,
,,,,
,,,,
,,,,
,,,,
,,,,
,,,,
,,,,
,,,,
,,,,
,,,,
,,,,
,,,,
,,,,
,,,,
,,,,
,,,,
,,,,
,,,,
,,,,
,,,,
,,,,
,,,,
,,,,
,,,,
,,,,
,,,,
,,,,
,,,,
,,,,
,,,,
,,,,
,,,,
,,,,
,,,,
,,,,
,,,,
,,,,
,,,,
,,,,
,,,,
,,,,
,,,,
,,,,
,,,,
,,,,
,,,,
,,,,
,,,,
,,,,
,,,,
,,,,
,,,,
,,,,
,,,,
,,,,
,,,,
,,,,
,,,,
,,,,
,,,,
,,,,
,,,,
,,,,
,,,,
,,,,
,,,,
,,,,
,,,,
,,,,
,,,,
,,,,
,,,,
,,,,
,,,,
,,,,
,,,,
,,,,
,,,,
,,,,
,,,,
,,,,
,,,,
,,,,
,,,,
,,,,
,,,,
,,,,
,,,,
,,,,
,,,,
,,,,
,,,,
,,,,
,,,,
,,,,
,,,,
,,,,
,,,,
,,,,
,,,,
,,,,
,,,,
,,,,
,,,,
,,,,
,,,,
,,,,
,,,,
,,,,
,,,,
,,,,
,,,,
,,,,
,,,,
,,,,
,,,,
,,,,
,,,,
,,,,
,,,,
,,,,
,,,,
,,,,
,,,,
,,,,
,,,,
,,,,
,,,,
,,,,
,,,,
,,,,
,,,,
,,,,
,,,,
,,,,
,,,,
,,,,
,,,,
,,,,
,,,,
,,,,
,,,,
,,,,
,,,,
,,,,
,,,,
,,,,
,,,,
,,,,
,,,,
,,,,
,,,,
,,,,
,,,,
,,,,
,,,,
,,,,
,,,,
,,,,
,,,,
,,,,
,,,,
,,,,
,,,,
,,,,
,,,,
,,,,
,,,,
,,,,
,,,,
,,,,
,,,,
,,,,
,,,,
,,,,
,,,,
,,,,
,,,,
,,,,
,,,,
,,,,
,,,,
,,,,
,,,,
,,,,
,,,,
,,,,
,,,,
,,,,
,,,,
,,,,
,,,,
,,,,
,,,,
,,,,
,,,,
,,,,
,,,,
,,,,
,,,,
,,,,
,,,,
,,,,
,,,,
,,,,
,,,,
,,,,
,,,,
,,,,
,,,,
,,,,
,,,,
,,,,
,,,,
,,,,
,,,,
,,,,
,,,,
,,,,
,,,,
,,,,
,,,,
,,,,
,,,,
,,,,
,,,,
,,,,
,,,,
,,,,
,,,,
,,,,
,,,,
,,,,
,,,,
,,,,
,,,,
,,,,
,,,,
,,,,
,,,,
,,,,
,,,,
,,,,
,,,,
,,,,
,,,,
,,,,
,,,,
,,,,
,,,,
,,,,
,,,,
,,,,
,,,,
,,,,
,,,,
,,,,
,,,,
,,,,
,,,,
,,,,
,,,,
,,,,
,,,,
,,,,
,,,,
,,,,
,,,,
,,,,
,,,,
,,,,
,,,,
,,,,
,,,,
,,,,
,,,,
,,,,
,,,,
,,,,
,,,,
,,,,
,,,,
,,,,
,,,,
,,,,
,,,,
,,,,
,,,,
,,,,
,,,,
,,,,
,,,,
,,,,
,,,,
,,,,
,,,,
,,,,
,,,,
,,,,
,,,,
,,,,
,,,,
,,,,
,,,,
,,,,
,,,,
,,,,
,,,,
,,,,
,,,,
,,,,
,,,,
,,,,
,,,,
,,,,
,,,,
,,,,
,,,,
,,,,
,,,,
,,,,
,,,,
,,,,
,,,,
,,,,
,,,,
,,,,
,,,,
,,,,
,,,,
,,,,
,,,,
,,,,
,,,,
,,,,
,,,,
,,,,
,,,,
,,,,
,,,,
,,,,
,,,,
,,,,
,,,,
,,,,
,,,,
,,,,
,,,,
,,,,
,,,,
,,,,
,,,,
,,,,
,,,,
,,,,
,,,,
,,,,
,,,,
,,,,
,,,,
,,,,
,,,,
,,,,
,,,,
,,,,
,,,,
,,,,
,,,,
,,,,
,,,,
,,,,
,,,,
,,,,
,,,,
,,,,
,,,,
,,,,
,,,,
,,,,
,,,,
,,,,
,,,,
,,,,
,,,,
,,,,
,,,,
,,,,
,,,,
,,,,
,,,,
,,,,
,,,,
,,,,
,,,,
,,,,
,,,,
,,,,
,,,,
,,,,
,,,,
,,,,
,,,,
,,,,
,,,,
,,,,
,,,,
,,,,
,,,,
,,,,
,,,,
